lon,lat,kind,approximate,osm_id,source
11.1837592,56.5079441,turbine,False,node/2075935614,https://overpass-api.de/api/interpreter
11.1845723,56.5134796,turbine,True,node/2639962092,https://overpass-api.de/api/interpreter
11.2037719,56.5172771,turbine,True,node/2639962100,https://overpass-api.de/api/interpreter
11.1854605,56.5189573,turbine,True,node/2639962106,https://overpass-api.de/api/interpreter
11.2134883,56.5218141,turbine,True,node/2639962116,https://overpass-api.de/api/interpreter
11.1860348,56.5246072,turbine,True,node/2639962127,https://overpass-api.de/api/interpreter
11.2235886,56.5265934,turbine,True,node/2639962133,https://overpass-api.de/api/interpreter
11.2139873,56.5298862,turbine,True,node/2639962138,https://overpass-api.de/api/interpreter
11.1864884,56.5301631,turbine,True,node/2639962141,https://overpass-api.de/api/interpreter
11.2336539,56.5313395,turbine,True,node/2639962142,https://overpass-api.de/api/interpreter
11.1867768,56.5357859,turbine,False,node/2075935624,https://overpass-api.de/api/interpreter
11.2435531,56.5359326,turbine,True,node/2639962143,https://overpass-api.de/api/interpreter
11.2140627,56.5377422,turbine,True,node/2639962144,https://overpass-api.de/api/interpreter
11.253519,56.5406878,turbine,True,node/2639962145,https://overpass-api.de/api/interpreter
11.1869794,56.541364,turbine,True,node/2639962146,https://overpass-api.de/api/interpreter
11.2409663,56.5444602,turbine,True,node/2639962147,https://overpass-api.de/api/interpreter
11.2635065,56.5453952,turbine,True,node/2639962148,https://overpass-api.de/api/interpreter
11.2136146,56.5456392,turbine,True,node/2639962149,https://overpass-api.de/api/interpreter
11.1870125,56.5469432,turbine,False,node/2075935629,https://overpass-api.de/api/interpreter
11.273388,56.5500618,turbine,True,node/2639962150,https://overpass-api.de/api/interpreter
11.1870308,56.5524855,turbine,False,node/2075935638,https://overpass-api.de/api/interpreter
11.2382534,56.5528308,turbine,True,node/2639962151,https://overpass-api.de/api/interpreter
11.2128821,56.5534446,turbine,True,node/2639962152,https://overpass-api.de/api/interpreter
11.2833648,56.5547563,turbine,True,node/2639962153,https://overpass-api.de/api/interpreter
11.2684526,56.5574694,turbine,True,node/2639962154,https://overpass-api.de/api/interpreter
11.186817,56.558061,turbine,True,node/2639962155,https://overpass-api.de/api/interpreter
11.2934008,56.5593785,turbine,True,node/2639962156,https://overpass-api.de/api/interpreter
11.2352157,56.5611522,turbine,True,node/2639962157,https://overpass-api.de/api/interpreter
11.2116237,56.5613045,turbine,True,node/2639962158,https://overpass-api.de/api/interpreter
11.3033277,56.5640476,turbine,True,node/2639962159,https://overpass-api.de/api/interpreter
11.1864111,56.5646841,turbine,True,node/2639962160,https://overpass-api.de/api/interpreter
11.2635217,56.5648711,turbine,True,node/2639962161,https://overpass-api.de/api/interpreter
11.2900042,56.5675659,turbine,True,node/2639962162,https://overpass-api.de/api/interpreter
11.3130142,56.5686594,turbine,True,node/2639962163,https://overpass-api.de/api/interpreter
11.210105,56.5691412,turbine,True,node/2639962164,https://overpass-api.de/api/interpreter
11.2321136,56.5695416,turbine,True,node/2639962165,https://overpass-api.de/api/interpreter
11.1855778,56.5713162,turbine,True,node/2639962166,https://overpass-api.de/api/interpreter
11.258492,56.5722625,turbine,True,node/2639962167,https://overpass-api.de/api/interpreter
11.3231333,56.5733987,turbine,True,node/2639962168,https://overpass-api.de/api/interpreter
11.2818502,56.5736332,turbine,True,node/2639962169,https://overpass-api.de/api/interpreter
11.3142551,56.5771604,turbine,True,node/2639962170,https://overpass-api.de/api/interpreter
11.2286768,56.5778193,turbine,True,node/2639962171,https://overpass-api.de/api/interpreter
11.1848313,56.5778656,turbine,True,node/2639962172,https://overpass-api.de/api/interpreter
11.2534997,56.5796201,turbine,True,node/2639962173,https://overpass-api.de/api/interpreter
11.2744016,56.5798773,turbine,True,node/2639962174,https://overpass-api.de/api/interpreter
11.3052679,56.5810882,turbine,True,node/2639962175,https://overpass-api.de/api/interpreter
11.1839551,56.5838268,turbine,True,node/2639962176,https://overpass-api.de/api/interpreter
11.2967921,56.5851898,turbine,True,node/2639962177,https://overpass-api.de/api/interpreter
11.225113,56.5856723,turbine,True,node/2639962178,https://overpass-api.de/api/interpreter
11.2671847,56.5862483,turbine,True,node/2639962179,https://overpass-api.de/api/interpreter
11.2054514,56.5867185,turbine,True,node/2639962180,https://overpass-api.de/api/interpreter
11.2884664,56.5895041,turbine,True,node/2639962182,https://overpass-api.de/api/interpreter
11.1828026,56.5896695,turbine,True,node/2639962181,https://overpass-api.de/api/interpreter
11.2607178,56.5927591,turbine,True,node/2639962183,https://overpass-api.de/api/interpreter
11.2215036,56.5935359,turbine,True,node/2639962184,https://overpass-api.de/api/interpreter
11.2804617,56.5939947,turbine,True,node/2639962186,https://overpass-api.de/api/interpreter
11.2432163,56.5943501,turbine,True,node/2639962187,https://overpass-api.de/api/interpreter
11.2027423,56.5946163,turbine,True,node/2639962188,https://overpass-api.de/api/interpreter
11.1815428,56.5956166,turbine,True,node/2639962189,https://overpass-api.de/api/interpreter
11.1533359,56.5957387,platform,True,way/214266451,https://overpass-api.de/api/interpreter
11.2726931,56.5985782,turbine,True,node/2639962190,https://overpass-api.de/api/interpreter
11.2176618,56.600951,turbine,True,node/2639962191,https://overpass-api.de/api/interpreter
11.1801347,56.6015027,turbine,True,node/2639962192,https://overpass-api.de/api/interpreter
11.2380798,56.601705,turbine,True,node/2639962193,https://overpass-api.de/api/interpreter
11.2649441,56.6037375,turbine,True,node/2639962194,https://overpass-api.de/api/interpreter
11.1785111,56.6074135,turbine,True,node/2639962195,https://overpass-api.de/api/interpreter
11.2137332,56.6083523,turbine,True,node/2639962196,https://overpass-api.de/api/interpreter
11.2575582,56.6089409,turbine,True,node/2639962197,https://overpass-api.de/api/interpreter
11.1960582,56.6103388,turbine,True,node/2639962198,https://overpass-api.de/api/interpreter
11.2520283,56.613194,turbine,True,node/2639962199,https://overpass-api.de/api/interpreter
11.1768239,56.6132525,turbine,True,node/2639962200,https://overpass-api.de/api/interpreter
11.2095704,56.6161763,turbine,True,node/2639962201,https://overpass-api.de/api/interpreter
11.2275455,56.6163325,turbine,True,node/2639962202,https://overpass-api.de/api/interpreter
11.2466272,56.6176217,turbine,True,node/2639962203,https://overpass-api.de/api/interpreter
11.1749463,56.6190311,turbine,True,node/2639962204,https://overpass-api.de/api/interpreter
11.2416543,56.6220381,turbine,True,node/2639962205,https://overpass-api.de/api/interpreter
11.2057912,56.6231178,turbine,True,node/2639962206,https://overpass-api.de/api/interpreter
11.2373422,56.6268169,turbine,True,node/2639962207,https://overpass-api.de/api/interpreter
11.1712959,56.629659,turbine,True,node/2639962208,https://overpass-api.de/api/interpreter
11.2016301,56.6304803,turbine,True,node/2639962209,https://overpass-api.de/api/interpreter
11.1692242,56.634849,turbine,True,node/2639962210,https://overpass-api.de/api/interpreter
11.2291024,56.6366088,turbine,True,node/2639962211,https://overpass-api.de/api/interpreter
11.1974458,56.637901,turbine,True,node/2639962212,https://overpass-api.de/api/interpreter
11.1669399,56.6401307,turbine,True,node/2639962213,https://overpass-api.de/api/interpreter
11.2250665,56.6414925,turbine,True,node/2639962214,https://overpass-api.de/api/interpreter
11.1647002,56.6452248,turbine,True,node/2639962215,https://overpass-api.de/api/interpreter
11.2212675,56.6463873,turbine,True,node/2639962216,https://overpass-api.de/api/interpreter
11.1907661,56.6496021,turbine,True,node/2639962217,https://overpass-api.de/api/interpreter
11.1621592,56.6504711,turbine,True,node/2639962218,https://overpass-api.de/api/interpreter
11.1871764,56.6556346,turbine,True,node/2639962219,https://overpass-api.de/api/interpreter
11.1596621,56.6556454,turbine,True,node/2639962220,https://overpass-api.de/api/interpreter
11.2138834,56.6562803,turbine,True,node/2639962221,https://overpass-api.de/api/interpreter
11.156861,56.6608077,turbine,True,node/2639962222,https://overpass-api.de/api/interpreter
11.2102749,56.6611369,turbine,True,node/2639962223,https://overpass-api.de/api/interpreter
11.1540679,56.6658873,turbine,True,node/2639962224,https://overpass-api.de/api/interpreter
11.2067514,56.666157,turbine,True,node/2639962225,https://overpass-api.de/api/interpreter
11.1511871,56.6710718,turbine,True,node/2639962227,https://overpass-api.de/api/interpreter
11.20342,56.6712024,turbine,True,node/2639962226,https://overpass-api.de/api/interpreter
11.1480069,56.6761037,turbine,True,node/2639962228,https://overpass-api.de/api/interpreter
11.2000691,56.6762564,turbine,True,node/2639962230,https://overpass-api.de/api/interpreter
11.1613689,56.6762682,turbine,True,node/2639962229,https://overpass-api.de/api/interpreter
11.1735999,56.6782029,turbine,True,node/2639962231,https://overpass-api.de/api/interpreter
11.1969326,56.6812633,turbine,True,node/2639962232,https://overpass-api.de/api/interpreter
11.1940359,56.6863181,turbine,True,node/2639962233,https://overpass-api.de/api/interpreter
11.1685046,56.6866594,turbine,True,node/2639962234,https://overpass-api.de/api/interpreter
11.1909666,56.6914251,turbine,True,node/2639962235,https://overpass-api.de/api/interpreter
11.1652824,56.6919815,turbine,True,node/2639962236,https://overpass-api.de/api/interpreter
11.188143,56.6964937,turbine,True,node/2639962237,https://overpass-api.de/api/interpreter
11.1618858,56.6970568,turbine,True,node/2639962238,https://overpass-api.de/api/interpreter
11.1853902,56.7016171,turbine,True,node/2639962239,https://overpass-api.de/api/interpreter
11.1720898,56.7018983,turbine,True,node/2639962240,https://overpass-api.de/api/interpreter
11.1586822,56.7021447,turbine,True,node/2639962241,https://overpass-api.de/api/interpreter
